varx,varx_ig,varx_lrp,infoshap,clue
1.6480322375672225,0.28465419495090344,0.29218618655586165,2.257365890280376,9.600906728858655
4.904708832602369,1.6475938421245102,8.509689640630977,1.5798836975257116,14.625502796062328
1.4556743976447155,2.0354767102031226,0.32204906017621626,1.0099954937946842,8.408617563929079
2.019129567971316,0.4014400443673272,0.41078892216630486,1.7187340909468805,9.34557899285113
4.231905256365847,9.075575812973755,0.6364031711260519,1.7284851110808657,16.220616494307123
2.257145279221108,0.24875675061568286,2.814986868151431,1.0243622388303464,8.63188683257936
8.86837800543938,3.1320067866636134,113.78147734032396,1.181126988841406,8.401191685315679
4.0881010461084735,1.5154765955219034,13.455731144144233,1.7844874988120414,13.81221959053953
2.002445309487245,0.7716378178861432,0.4770074090253204,1.118292428574889,10.005135781967976
1.9551252122918599,0.18671408288945088,0.07864569617898448,2.131057220301215,8.639601996157701
3.8180631387328487,2.420140865817783,3.2056283963357486,1.0306648960221105,9.52824884676505
2.4023245191976446,2.796299936066395,3.1375808106604866,0.9068954367313162,8.440370592005797
2.989120032184168,2.432907230223774,2.4686631884390144,1.6544682818565686,17.48713480209992
2.7013082279513307,1.3262314420531218,7.799279222956286,1.6547342313282403,9.529702323537633
6.014511431838432,3.0949190659087873,65.81680607008585,3.1592009945049395,8.474457829280798
3.347544328245841,2.4801217677305742,10.338299254928696,0.9613503446582744,14.347265911554313
2.0372903700147975,0.7420276510270232,0.42065792965583015,1.2309627909614973,8.946143070093406
2.6709511770278698,1.5042009831171872,0.5183743986949217,1.6531188617945942,10.084474587920777
3.045412549779014,1.4880128489581381,20669.103340969614,0.8128646525891008,10.451093130852078
7.035701293654179,4.736322522676967,13.670809170510045,1.7081338121871446,8.801209983636733
1.8057195462006843,1.571418169241374,1.8801182633248488,1.1697409424935576,8.506496031775683
2.0188452592360573,0.479009367132902,1.2232790602959087,4.129723489550974,11.119820519359198
2.4942447853836063,0.43232363593853473,0.7041187110247141,1.2664090765828404,11.779104722146569
1.190976709645017,0.7347065415518317,0.21328189881480003,2.233840077364556,9.78509423511187
4.627039667660287,1.7923035291137464,34.70618072856915,2.1763905962188868,9.884957375153624
3.3610708025205214,0.2226911542936471,0.12420705273771106,2.443058021204277,10.228829397193142
2.01689540274905,0.33505090668325443,0.13072265039051634,1.171402560665891,8.572238782274617
4.0274253412288985,1.0890246999944682,13224.301875857724,1.0441250183638742,8.42105499903612
2.4515438574807655,0.49132960759837074,1.3992318716566117,0.6344189318261945,9.189736353243209
1.5612037022598224,0.8988405366080782,2.5019133936960762,0.6628206426140845,9.849421656165786
2.7545090721632524,2.487248170858234,1.1753050810047856,2.742809620175744,9.090545068220308
2.1756887060156966,1.1499670191037143,971.3400843826851,1.909141882559028,9.383801900282121
7.20043470641539,3.199792642695292,83.42886355565219,3.7994170173100077,14.040684053318865
2.523953643973702,0.7581698140222252,1.1670467135703804,1.5779601558879188,10.663943534647316
3.436225346280536,1.0359834569342947,4614.842129422766,1.7581777235466542,10.246463854065265
2.515030009467726,0.12811322309252898,0.7845452258178861,2.1618096052159554,9.95357557367493
1.3435330893841773,0.2664270594752561,0.2788924353609145,1.8416764831723687,8.559507287377556
2.1920408738658574,0.8466628485014939,0.11299417657586994,2.8249020150659727,14.033001561362266
2.8905163211551894,0.8177686942112888,2.7223009015329986,1.2144642443889833,8.445949957670917
2.308842433770077,0.4248065040780536,1.217490369370017,1.4119852902990015,8.531862081589198
3.950572723799148,4.257201507287826,231.47188378865206,0.8316427087526725,8.526248713699685
3.143218922968606,1.7330078484321008,0.40603612195983235,1.2890120391018083,8.763163094782803
2.3328372948660134,0.8260868713523325,9.95594921619362,3.2023379880954845,9.239685820600812
5.576068946524839,1.8990185364066674,177.46984633753448,1.2362892591953791,8.925018213433543
2.2700998244359707,0.508160186293369,1.1029791735747354,1.107424210518515,8.568232232581446
3.6272834834126333,0.2925990068944089,1.6579648538692278,1.925357488760579,8.883967143888496
1.8333721733998107,1.1583630764788595,15.299617760890824,0.8532328338153963,8.677986288949938
2.4799432127696512,1.6367294087757187,32.3710512332977,1.9951540621816761,8.601990762961172
3.82442559704662,1.1411203675060528,2.6007313825424903,2.682671428685316,9.282288072239414
8.429925825726896,2.3341159850294715,96.14823316384788,1.6903577478594896,8.543581375874904
1.7460493177406031,0.19391358377066306,0.7945101811595663,0.922630961432821,10.23573828201075
2.608346421713349,1.4408669378491348,3.2905309207301054,1.0916118821912957,13.922462823262519
2.067389144605778,0.1486300371339672,0.24565113385133433,0.8507705570663181,8.837135761177557
4.672250418635635,2.5822305200772604,249.40212010509148,0.7573130166179903,9.933719410482501
10.364051184289643,4.013203411658301,51.88441417929354,2.017325577828562,8.61595436465293
4.061606952952772,4.201675615919493,80.529433603344,1.9089336974659907,9.267562201058979
3.770977349837387,2.820366000748531,58.36357559498279,2.322538919664333,8.571526161249471
2.1279583255184042,0.8589723574157261,0.18455630122689232,0.95531626258171,9.212696171101337
1.7054443681046216,0.5699162216578846,0.38977988542914244,1.7916660623042011,9.049802810167312
7.225741308022322,5.45062208169818,80.8383292393436,0.9682119280342562,8.778848640762906
4.304745606728436,2.1439642780282435,85.12550905122768,1.807934461004892,9.091052770325726
5.062881921762393,3.006033478163456,346.5985311819431,1.805550733705388,10.324546751126562
4.584291397278837,1.8612021456440493,88.12479745575747,1.7317804827158936,13.58386191210914
3.1355882397711894,3.032225275257284,23.65664122709053,2.4462186177058025,8.957953497599183
5.010590106721948,1.7607124228311606,19.479432070472644,2.5040154112867867,10.657722792117188
4.214338106210298,1.5100748942520754,40.45368460424611,1.059708535773939,8.558088513335731
2.5810771889726096,2.141977893317508,4.313658229480026,1.21421369065068,8.373522511232569
1.7895658637624112,0.5775970578526204,0.5823345962401283,1.1162935492523858,8.854602623331166
6.069000953905967,3.2161951155967845,79.23161830081274,1.0347703360433094,8.591962161679426
5.997643338702581,3.1684641444466015,83.83085421725428,2.238841919654267,8.398631228252869
5.4811499001253745,2.0430425445038063,57.12671344324652,1.5466632519939103,9.779789332670992
1.518323403561165,0.26600390901944265,0.1824532986883443,1.7738164387535056,8.474887677366105
1.6513846512106647,0.7386121340718955,3.4271238537043267,1.3188460828311057,8.40555892615215
2.56054411953599,0.1846412671917112,0.12222248357045318,0.9163854644386119,10.608172734227262
4.560035416797985,2.1840528150880028,51069.27471000599,4.733916223747141,8.683509624008844
3.48505273921974,1.7028149257774488,10.084750780845097,1.4074993828309077,9.767443521814242
6.365464455931642,4.108943363333335,57.54447425567473,2.5907397515882504,17.779308743019293
1.5995790633052271,0.48482469763653896,0.4973718242012099,0.8961884065699964,9.46341523144519
4.1763671359978485,2.2227144383925936,3025.2044360188193,1.564156102126777,8.439886411883565
3.1468583321375614,3.3838350341234005,121.42631108833613,1.5538434138468358,11.062490937568098
5.025221360875734,1.648401092103412,360712.50747969095,2.2551484987089765,18.01838653552546
5.712860405216332,1.2522883054844924,119.6195819979612,3.4028871362248374,10.860878855805812
3.214342195692282,1.6822663493771233,1.9473024145170164,1.3757290319835769,8.473456735667618
1.4037828976640656,0.8025970960546763,1.0133080190733694,1.999846433891371,12.256137889800918
1.9421265389468119,1.4231210805430023,0.9768763637048875,1.2763174984147758,12.531402452571877
2.3924323761770885,1.9095542402690064,5.820274505945051,1.3983612845142035,9.291079601518943
1.7050980493666434,0.17066162498686877,0.27530513773422965,1.3237532955036013,8.428811494327
7.189362440202352,5.783527215308572,66.70086973141645,2.6165207174284135,13.16923677176259
2.7058813595773445,2.2710115395799404,292.7609808722941,1.3637478966809682,8.591647634540404
2.851855697952963,2.2459551856464315,217.32413204799414,1.216496194932469,9.522240298885217
2.9826742623996294,0.28047981589322574,1.3885905566541017,2.1039149490293596,8.494580397329445
1.6908704717270227,1.1646134722509212,0.19840978833758785,1.6391196081184705,8.60993574535561
1.5155354710688935,0.1958771478976236,0.1243675100349597,1.8085614066716362,8.474716657026017
7.562951107986585,3.9363479751196673,153.31918582711117,1.9762327584003243,10.564317925112967
4.884206777783916,2.1235708205585193,84.9156207158924,1.7506548379468982,9.203225931634293
1.8115405281868877,0.20974585202459142,1.2030244021153993,1.4111251687758959,8.463760555748523
3.625960186503912,2.0283446695047234,8.705378085493642,0.9531978173375685,10.142502626357329
3.639694984343936,0.776391989888178,31.722244161362624,1.3315125117858653,8.553853268783712
1.9486638416123234,1.5706121460241251,0.650402996705938,1.495049580544447,8.456087991682823
4.19749545123665,0.5493623703154839,1.233284969582733,1.276383531213121,8.574043520158092
3.1706107812732744,0.6018863890796107,4.524569734793351,0.9041166021795877,12.199136348595623
3.800005984927548,3.3273092852850836,2091.6276834489686,1.1564591476650032,8.773442643720866
4.372926873134211,1.1167421496524217,15.46236498375254,1.3495692009123217,8.595830660367193
6.792062052272703,6.648756917256655,19.187490088066003,1.6848556329406326,8.495528155386289
2.3250433888367406,0.5138674338954439,0.7930545304216934,1.9285255689925482,9.660969140859738
3.1592903307403284,0.2713828404340914,0.45415091731494095,2.7592312081574133,8.38046617451945
3.6385692335494,3.3610329832878425,13.78051688902179,3.143515472991935,8.525666258179239
2.4025662147856877,0.7524004747453503,5.872245240335688,1.009718376653467,18.041298308332344
8.492065336390812,3.4718057713197186,50.92544434003733,2.084728488320019,10.550353038742356
7.5360149890224655,7.545000599482117,76.91679488465078,2.8440893314290103,12.51988826233113
5.287625653752645,1.2024680089716606,4.536559472648306,1.4663353842272087,8.527776896358318
1.5171447982963533,0.4475480417640662,0.22534202154868685,1.0071445836305397,8.901022196234583
2.731111138397159,1.7590345541576171,0.42276150784848776,0.9411559720635814,8.764291470476023
2.696214097594702,0.7979825912748122,0.442085667201386,1.606640094814752,8.79699752851803
1.6781752030600534,0.46569698083103145,2.4683640413371877,1.3918260422141335,8.943821020643806
4.373675295488583,4.039021792979891,12.320860592177086,1.3079720992421502,15.135398579476094
6.275184312063399,3.080148051592626,145.00284197253225,1.4361430345054265,9.054985212914104
11.53020536630264,4.82541827634632,10284.09909977796,1.807588383125578,12.393447792529441
2.6170585625753464,0.930061612743191,1.0888166782144921,2.0707817269860955,8.421982673501137
2.0664188657731692,0.22019139871033508,0.9189811781714853,1.0151992218857362,9.312067604379951
2.8817152673573045,0.9360794986681371,14.108305490256894,0.608235085667206,8.426432564427163
1.7262903711727442,0.2639981308258447,1.9747205617666113,1.9478528455769046,8.939038858679742
1.2127786109721457,0.2432948871174508,3.051487969248995,1.7585458295548426,8.577687772262554
3.060500505306117,3.301708856567324,32.84347040383773,1.4097028333008097,12.401550977275136
1.5808658715097845,0.36212232936329647,0.545140218424892,0.8892051973174598,14.722789438297028
2.3386352689702314,0.4461341439242848,1.305891521340138,1.6859276195549193,8.345179538988322
1.6371062200491486,0.3402218396707321,0.847533044903718,1.0079530925780642,8.572607543882329
3.421688032055734,3.89690470903962,93.82259125398156,2.1185871297140304,8.490730999730683
1.5538904252688674,0.6872508664077274,0.6125598834490945,1.7348813867969257,11.789634861989802
3.9407565621745886,0.8260658038090671,6.46127889983679,1.338674878893017,14.548911657764743
1.3309913763159062,0.4910696510904053,0.4746370203777453,1.2738459846184569,11.078001675049755
5.17119481645095,2.5817948426535406,91190.41749014001,1.6796351216166172,14.424569135648222
1.694180072488426,0.3831175946764215,0.6698135340091528,1.9796480071918974,8.513792878706226
2.8375974431173345,1.344081439814666,5787.880240792851,1.0464549951869164,8.55534026535871
1.8260859574566324,0.7637828054134211,22.522671585012095,0.9391608887806231,8.987642335458995
3.499410485928713,2.345783217452346,63.6545952615834,1.316035604816867,15.715959392238947
2.186187473755621,1.528149431407992,2.616724802923789,3.3558856404140265,8.474442889454197
2.044076464536576,0.8749246061496212,2.137716481036618,0.7027086538798449,8.427346722137525
5.420663654496431,1.3620187941684274,5.966771915882835,1.0192038427978916,9.579612819917852
1.819223132627322,0.5896148984122305,0.6493440463280301,1.093011970888795,9.925458532691222
2.8408985507661595,0.8144002646389227,1.482621303780311,1.2556980933076047,8.416010370343223
4.38688835173992,2.1873363592667765,0.9181781376647214,1.7449730067600961,9.498092027807518
2.6738453363103654,0.7197189564609315,1.0854469552508523,2.9432644705347704,8.691044910048626
4.770689565719853,0.9900571420632491,2.3459702020262183,1.4363053966470678,15.64155420739105
2.928534972372334,2.4734456846233983,6.928099662461763,1.2893278831011141,10.723544351949645
2.6860934019239195,2.983559786878093,0.5085766450983127,0.764629383862079,8.501334626410953
2.312655573503045,0.5663869400452827,4.33598505391953,1.08986415778949,8.678091956887778
2.3874660300589574,1.8113490817261446,3.17431637605317,2.380964985500161,9.11491693072266
2.3183558320956883,0.7522212386431979,0.7536652628036804,1.3513643710022765,8.60015360748775
1.2480312542501613,0.17045377228252628,0.18156165420553613,3.5856874048709417,8.443567673763601
3.2149424875449326,2.2560176058915333,4.424360954533337,4.157287258770194,8.935694477154879
1.7507096062226002,0.2631692101960483,0.5360738462065672,1.8685174341978354,8.590507535200105
6.578746136772293,0.7283114511255551,7.041618294257282,0.6860367582419495,10.249362220878742
3.5532583873212067,0.799419453003013,1.6165059448190124,1.84767449061644,8.86666983966034
3.3391573738098423,1.4249154778580138,11.402978606347368,0.9244415876822842,10.104285851536332
2.232803323543269,0.22347660639868067,0.40133130340649964,1.0560261780772138,8.436261558948559
2.6391660409764057,0.39073186411091143,0.3849650560256524,2.251166148667338,9.834808994416342
3.8631298819436135,2.941223383970333,343.88860882161947,1.0079292430982059,8.448128194852492
6.238958982157924,3.3551376381394804,38167.44261884693,2.8019392047804046,15.090874038883252
5.075967700949287,3.8470418424517967,5387.13018878148,1.243156610621065,8.722896943640553
4.19648672531727,2.2601973033207816,1.1101034098585587,1.0990274977347514,8.424038532693713
2.1090620857859097,1.0104566391090661,2.2160295527423433,1.077734351787908,8.590093361806135
1.7293927751583777,0.31726939909943175,1.1282124927242996,1.021670804520035,10.812729108524046
1.2905753551234538,0.42361903118391886,0.9399374330844918,1.4444683100271218,9.311163758041465
2.0428368816464215,0.5581001800405422,2.8386469049047904,1.5209279690920958,8.433891846556046
2.7094750711139337,0.4860601003692145,3.1389310663905454,1.2963160438144048,10.67743890197507
1.738628183690745,0.4562061782373002,5.13661014008487,1.5735785757217478,8.439371641224632
2.0594430785906312,0.4421187369984571,0.4002906379487733,1.6814524280959195,12.010663532728476
2.34287926695169,0.7523916692600295,0.5857856502796912,2.21569088126831,9.508631895769769
17.111655508527377,4.118234237757675,23.03448046345665,1.2901257877493983,8.456395730000363
1.203054085090132,0.2732967655581905,0.3340429131550543,0.9048850069359798,16.089394717225286
2.6397141437799734,3.177447622889922,175.30941771494855,0.7194819568551509,8.54345353236057
1.6142398187230451,1.2309110118191429,0.08281136140378008,2.710421211105181,9.250299055877138
2.8956355947885912,6.670886681031022,7.603547315973232,1.9278960198083857,11.533536726448544
2.3863344670290316,0.6834977191533327,0.8247559076977787,1.3761479394006446,8.798678471556652
3.3571238888609174,2.9743895226107977,188.59726791945874,0.9409440289341582,8.590134758907253
3.5802177188372553,1.0100928889734493,1.086555197220055,2.266202964190546,8.542981043120093
11.863347612923384,5.274894423836335,94.9580823482685,1.7126349480462972,9.594249456604777
2.175949189155066,0.49077693626093805,13.297263606571049,1.196367028666884,8.935459798043926
1.9379027621973952,0.6083227413855203,0.4953239910599986,1.0461016201414246,16.261012744436762
2.9931084873508946,0.9382014194226058,4.7505320130375575,0.7500346485615914,9.192867079597425
1.6653680012247334,0.37940941168912984,0.3442416885180529,1.082288297914136,9.608351525564014
2.4800322719704795,1.4562458531748481,9.464003643859433,3.6407820971304323,8.697920287411852
7.399269376300869,4.021115000607455,200195.42656590595,3.4053254371489494,8.711346349494796
2.7271542802567303,0.23659741079390356,1.183017330782427,1.7235914493927766,8.431842825583981
3.038186029749656,1.7914696638453558,111.42763099718367,0.6008740383445229,19.978340182542762
1.125956358360933,0.4133631134142337,0.5857721016372763,1.4960317400392835,10.052747148072601
2.3571917649506715,1.0302059474315473,2.6209100866799067,1.2154091160123444,9.65875890940402
4.258520197073464,2.0613926446018898,67.49425981232056,1.4556395061424032,8.498618569646522
2.819412186989739,0.3318279286132516,0.5128823369334269,2.006858463113189,14.028600701193092
1.7174577322968836,0.7608682966070309,1.2525327908810746,1.7164317012263903,8.35725726023302
1.7007150303157992,2.066171290782988,8.340810536980948,1.034172730889895,8.723412377662667
3.606222752339496,0.7545702399547422,4.900138466732293,1.9297145849275408,18.947766531356702
6.189651681283836,1.7551615386528774,7.006554876179627,2.6705542980425108,9.099449394289147
1.4736854658701044,0.7245152401696949,0.32525866987010155,1.1846947217221018,8.88571426654409
2.557438088352082,0.3995059327771444,4.174208472932586,0.6797076316110546,10.290029864689213
0.8460976559981029,0.19193599021127414,0.5557671468119436,0.7000299583879085,8.777040818769844
2.52344212209955,0.7402552152318508,12.695764254197423,0.9162006475901256,22.137391916293836
14.217066486681771,7.407128579814375,85981.54990868786,2.0324146249418935,8.338553433861067
2.29816823483774,0.09951807250958773,0.7397645870459647,2.1512768286661132,8.358808384410393
